Nr.;Formula;(set) top10;(set) top300;example
1;"W(2,k)&gt;{2}^{k}/{k}^{\varepsilon}";;;
2;\measurableSpace{\XSet}{\SetFamily};;;
3;(p-1)!^{n};;;
4;f_{c}(z)=z^{2}+c;;;
5;\forall x\,\forall y\,P(x,y)\Leftrightarrow\forall y\,\forall x\,P(x,y);;;
6;\alpha(x);;;
7;|{\Psi}\rangle=\sum_{i_{1},i_{2},\alpha_{1},\alpha_{2}}\Gamma^{[1]i_{1}}_{%\alpha_{1}}\lambda^{[1]}_{\alpha_{1}}\Gamma^{[2]i_{2}}_{\alpha_{1}\alpha_{2}}%\lambda^{[2]}_{{\alpha}_{2}}|{i_{1}i_{2}}\rangle|{\Phi^{[3..N]}_{\alpha_{2}}}\rangle;;;
8;\infix{*}{z}{x}\leq y;;;
9;\deriv{\ln_{c}x}{x}={1\over x\ln c};;;
10;\theta=n\times 137.508^{\circ};;;
11;s_{V}(\mathcal{R});;;
12;\ell(m);;;
13;bx-x^{2};;;
14;\omega_{k};;;
15;\mathbf{m}_{1};;;
16;r\partprop{r}{i}{j};;;
17;Z=\sum_{j}g_{j}\cdot\mathrm{e}^{-{\beta E_{j}}};;;
18;\trafo{S};;;
19;S^{\prime};;;
20;\operatorname{Ker}(k_{*}-l_{*})\cong\operatorname{Im}(i_{*},j_{*});;;
21;D(G,H)=\sum_{i=1}^{29}\abs{F_{i}(G)-F_{i}(H)};;;
22;E_{\text{k}}=E_{t}+E_{\text{r}};;;
23;\lambda(L(B))\leq d;;;
24;L(C)\leq L(T);;;
25;v=\frac{c}{n};;;
26;\sigma_{y}^{2}(\tau)=\frac{2\pi^{2}\tau}{3}h_{-2};;;
27;R_{s\text{normal}}=\sqrt{\frac{\omega\mu_{0}}{2\sigma}};;;
28;\phi_{1}=\range{-\degree{30}}{+\degree{30}};;;
29;T_{c};;;
30;P_{1}(X)=P(X)/(X-\alpha_{1});;;
31;P(n)=\frac{k}{n};;;
32;n=\prod_{i=1}^{r}p_{i}^{a_{i}};;;
33;H(j\omega)=\mathcal{F}\{h(t)\};;;
34;\pi/4;;;
35;(x+y)^{n}=\sum_{k=0}^{n}{n\choose k}x^{n-k}y^{k}=\sum_{k=0}^{n}{n\choose k}x^{%k}y^{n-k};;;
36;[A]_{t}=-kt+[A]_{0};;;
37;q^{42};;;
38;\alpha(d)\leq\left(\sqrt{3/2}+\varepsilon\right)^{d};;;
39;{}\tensor{f}{\mu}{}=-8\pi{G\over{3c^{4}}}\left({A\over 2}T_{\alpha\beta}+{B%\over 2}T\eta_{\alpha\beta}\right)\left(\delta^{\mu}_{\nu}+u^{\mu}u_{\nu}%\right)u^{\alpha}x^{\nu}u^{\beta};;;
40;\frac{D_{g}u_{g}}{Dt}-f_{0}v_{a}-\beta yv_{g}=0;;;
41;I_{c};;;
42;A\mapsto M\alpha(A)M^{-1};;;
43;\Gamma_{\infty};;;
44;Y=\beta T_{8}+IX;;;
45;"\mu(A)={\begin{cases}1&amp;\mbox{ if }{0\in A}\\0&amp;\mbox{ if }{0\notin A}\end{cases}\)\@add@PDF@RDFa@triples\end{document}}";;;
46;\lambda_{in};;;
47;\operatorname{rpm}_{motor};;;
48;\underbrace{u_{1}(\mathbf{x},z_{1})=v_{1}+\dot{u}_{x}}_{\text{By definition of% }v_{1}}=\overbrace{-\frac{\partial V_{x}}{\partial\mathbf{x}}g_{x}(\mathbf{x}%)-k_{1}(\underbrace{z_{1}-u_{x}(\mathbf{x})}_{e_{1}})}^{v_{1}}\,+\,\overbrace{%\frac{\partial u_{x}}{\partial\mathbf{x}}(\underbrace{f_{x}(\mathbf{x})+g_{x}(%\mathbf{x})z_{1}}_{\dot{\mathbf{x}}\text{ (i.e., }\frac{\operatorname{d}%\mathbf{x}}{\operatorname{d}t}\text{)}})}^{\dot{u}_{x}\text{ (i.e., }\frac{%\operatorname{d}u_{x}}{\operatorname{d}t}\text{)}};;;
49;E\left[\hat{\sigma}^{2}\right]=\frac{n-1}{n}\sigma^{2};;;
50;\mathsf{fv};;;
51;\sum_{x}\sum_{y}I(x,y);;;
52;\boldsymbol{F}_{r};;;
53;0\rightarrow B\rightarrow A\oplus B\rightarrow A\rightarrow 0;;;
54;(\nabla_{Y}T)(\alpha_{1},\alpha_{2},\ldots,X_{1},X_{2},\ldots)=Y(T(\alpha_{1},%\alpha_{2},\ldots,X_{1},X_{2},\ldots));;;
55;\sum_{n\in\mathbb{Z}^{d}}|\psi(t,n)|^{2}|n|\leq C;;;
56;p={\frac{-x\pm\sqrt{x^{2}-4(\frac{-gx^{2}}{2v^{2}})(\frac{-gx^{2}}{2v^{2}}-y)}%}{2(\frac{-gx^{2}}{2v^{2}})}};;;
57;"z\in H:\abs{z}&gt;1\abs{\operatorname{Re}(z)}&lt;\frac{1}{2}";;;
58;T-\lambda I;;;
59;{y\left(x\right)=\operatorname{sgn}(\rho)\frac{\sigma_{y}}{\sigma_{x}}}(x-\mu_{%x})+\mu_{y};;;
60;x=b;;;
61;H^{1}(K)=\sqrt{2};;;
62;P_{i}=\operatorname{head}(E_{K}(S_{i-1}),x)\oplus C_{i};;;
63;\frac{\partial f}{\partial x}=f_{x}=\partial_{x}f;;;
64;P_{x}=P-\{a\mid a\geq x\};;;
65;\eta=\frac{{Q}_{1}-Q_{2}}{Q_{1}};;;
66;df={\partial f\over\partial x}dx+{\partial f\over\partial y}dy=pdx+vdy;;;
67;h_{r,s};;;
68;K^{M}_{*}(k):=T^{*}(k^{\times})/(a\otimes(1-a));;;
69;\{C:K_{X}\cdot C=0\};;;
70;\Theta\wedge(d\Theta)^{n}\neq 0;;;
71;\frac{D(\rho u_{i})}{Dt}\approx 0;;;
72;z_{t}=\lambda_{1}z_{t-1}+\varepsilon_{t};;;
73;b_{3};;;
74;\operatorname{\Delta W}=\Int{V_{1}}{V_{2}}@{p}{\operatorname{dV}};;;
75;"\dim f(Z)&gt;n";;;
76;\frac{d}{dt}\log_{e}t=\frac{1}{t};;;
77;h_{i}:X\to\{-1,+1\};;;
78;\operatorname{seqs}\leq 6;;;
79;"F=\{(x,y):x\in{\mathcal{R}^{b},\,y\in\mathcal{R}^{n},\;x=y\}\)\@add@PDF@RDFa@triples\end{document}}";;;
80;X_{i}(\omega)=\omega_{i};;;
81;{\partial{L}\over\partial q_{i}}={\mathrm{d}\over\mathrm{d}t}{\partial{L}\over%\partial{\dot{q_{i}}}};;;
82;x_{7};;;
83;\Pi_{n};;;
84;\sigma^{2}=X^{T}VX;;;
85;"\int_{\mathbb{R}^{n}}f\,dx=\int_{0}^{\infty}\left\{\int_{\partial B(x_{0};r)}f%\,dS\right\}\,dr";;;
86;\commutator{x}{p_{x}}=\commutator{y}{p_{y}};;;
87;G_{k,\sigma}(y)=1-(1+ky/\sigma)^{-1/k};;;
88;L(H_{B})\otimes C(X);;;
89;\pi_{i}=2^{-N}\tbinom{N}{i};;;
90;(\sqrt{p_{1}},\cdots,\sqrt{p_{n}});;;
91;s;;;
92;J^{T}W\Delta y;;;
93;\bar{V}^{*};;;
94;\frac{(n+\delta-1)(n+\delta-2)\cdots n}{(\delta-1)!};;;
95;y_{k}[n];;;
96;"\abs{f(a+\alpha,b+\beta)-f(a,b)}&lt;\epsilon";;;
97;\LeviCivita{j}{k}{\ell}\LeviCivita{\ell}{m}{n}=\Kronecker{j}{m}\Kronecker{k}{n%}-\Kronecker{j}{n}\Kronecker{k}{m};;;
98;\phase@{z}=\theta+2n\cpi;;;
99;z^{n}=\left(x^{n}-\binom{n}{2}x^{n-2}y^{2}+\binom{n}{4}x^{n-4}y^{4}-\cdots%\right)+i\left(\binom{n}{1}x^{n-1}y-\binom{n}{3}x^{n-3}y^{3}+\cdots\right);;;
100;\ln@{1+z}=\Sum{k}{1}{\infty}@{(-1)^{k-1}\frac{z^{k}}{k}};;;
101;P(z)=\Prod{n}{1}{\infty}@{\left(1-\frac{z}{z_{n}}\right)e^{\ifrac{z}{z_{n}}}};;;
102;A=\sqrt[3]{-\tfrac{27}{2}q+\tfrac{3}{2}\sqrt{-3D}};;;
103;A_{n}B_{n-1}-B_{n}A_{n-1}=(-1)^{n-1}\Prod{k}{1}{n}@{a_{k}};;;
104;Aw_{1}(z)+Bw_{2}(z)=0;;;
105;f(x)=\Sum{k}{0}{\infty}@{a_{k}x^{k}};;;
106;I(x)=-\Sum{s}{0}{2n}@{(a_{s}\ln@{x}+b_{s})x^{-s}}+\bigO@{x^{-2n-1+\epsilon}};;;
107;\infix{\asympexp}{h(t)}{\exp@{\iunit\kappa t^{p}}\Sum{s}{0}{\infty}@{b_{s}t^{-%\beta_{s}}}};;;
108;\expe^{\lambda_{j}z}z^{\mu_{j}}\Sum{s}{0}{\infty}@{\frac{a_{s,j}}{z^{s}}};;;
109;w=\expe^{-f_{0}\ifrac{z}{2}}W;;;
110;\EulernumberE{2n+1}=0;;;
111;\BernoullipolyB{n}@{mx}=m^{n-1}\Sum{k}{0}{m-1}@{\BernoullipolyB{n}@{x+\frac{k}%{m}}};;;
112;\int\EulerpolyE{n}@{t}\diff{t}=\frac{\EulerpolyE{n+1}@{t}}{n+1}+\text{const.},;;;
113;\HankelmodM{\nu}^{2}@{x}\asympexp\frac{2}{\cpi x}\left(1+\frac{1}{2}\frac{\mu-%1}{(2x)^{2}}+\frac{1\cdot 3}{2\cdot 4}\frac{(\mu-1)(\mu-9)}{(2x)^{4}}+\frac{1%\cdot 3\cdot 5}{2\cdot 4\cdot 6}\frac{(\mu-1)(\mu-9)(\mu-25)}{(2x)^{6}}+\cdots\right);;;
114;\infix{\asympexp}{\HankelmodderivN{\nu}^{2}@{x}}{\frac{2}{\cpi x}\left(1-\frac%{1}{2}\frac{\mu-3}{(2x)^{2}}-\frac{1}{2\cdot 4}\frac{(\mu-1)(\mu-45)}{(2x)^{4}%}-\cdots\right)};;;
115;\BesselJ{\nu}'@{z}=\frac{(\tfrac{1}{2}z)^{\nu-1}}{2\EulerGamma@{\nu}}\Prod{k}{%1}{\infty}@{\left(1-\frac{z^{2}}{\zderivBesselj{\nu}{k}^{2}}\right)};;;
116;\infix{\asympexp}{\BesselJ{\nu}'@{\zBesselj{\nu}{m}}}{(-1)^{m}\frac{(\ifrac{2}%{\nu})^{\frac{2}{3}}}{\cpi\AirymodM@{\zAirya{m}}}\Sum{k}{0}{\infty}@{\frac{%\beta_{k}}{\nu^{\ifrac{2k}{3}}}}};;;
117;\BesselJ{\nu}@{\zBesselj{\nu}{m}'}=\frac{h(\zeta)\AiryAi@{\zderivAirya{m}}}{%\nu^{\frac{1}{3}}}\left(1+\bigO@{\frac{1}{\nu^{\frac{4}{3}}}}\right);;;
118;\BesselJ{\nu}'@{x}\BesselY{\nu}@{\lambda x}-\BesselY{\nu}'@{x}\BesselJ{\nu}@{%\lambda x};;;
119;\int_{0}^{\infty}\frac{t^{\nu+1}\BesselJ{\nu}@{at}}{(t^{2}+b^{2})^{\mu+1}}%\diff{t}=\frac{a^{\mu}b^{\nu-\mu}}{2^{\mu}\EulerGamma@{\mu+1}}\modBesselK{\nu-%\mu}@{ab};;;
120;\BesselC{\nu}@{u\pm v}=\Sum{k}{-\infty}{\infty}@{\BesselC{\nu\mp k}@{u}%\BesselJ{k}@{v}};;;
121;\BesselJtilde{\nu}@{x}=\left(\frac{2\tanh@{\frac{1}{2}\pi\nu}}{\pi\nu}\right)^%{\frac{1}{2}}\cos@{\nu\ln@{\tfrac{1}{2}x}-\gamma_{\nu}}+\BigO(x^{2});;;
122;\infix{\asympexp}{\modBesselK{\nu}@{z}}{\left(\frac{\cpi}{2z}\right)^{\frac{1}%{2}}\expe^{-z}\Sum{k}{0}{\infty}@{\frac{a_{k}(\nu)}{z^{k}}}};;;
123;\HankelmodderivN{\nu}@{x}\expe^{\iunit\!\Hankelphasederivphi{\nu}@{x}}=%\Kelvinker{\nu}@{x}+\iunit\Kelvinkei{\nu}@{x};;;
124;a=-n-\frac{2}{\cpi}\sqrt{zn}-\frac{2z}{\cpi^{2}}+\tfrac{1}{2}b+\tfrac{1}{4}+%\frac{z^{2}\left(\frac{1}{3}-4\cpi^{-2}\right)+z-(b-1)^{2}+\frac{1}{4}}{4\cpi%\sqrt{zn}}+\bigO@{\frac{1}{n}};;;
125;\f{\left(z\deriv{}{z}z\right)^{n}}@{\left(\expe^{-\frac{1}{2}z}z^{\kappa-1}%\WhittakerconfhyperM{\kappa}{\mu}@{z}\right)}=\pochhammer{\tfrac{1}{2}+\mu+%\kappa}{n}\expe^{-\frac{1}{2}z}z^{\kappa+n-1}\*\WhittakerconfhyperM{\kappa+n}{%\mu}@{z};;;
126;\frac{1}{2\cpi\iunit}\int_{-\infty}^{(0+)}\expe^{zt+\frac{1}{2}t^{-1}}t^{%\kappa}\WhittakerconfhyperW{\kappa}{\mu}@{t^{-1}}\diff{t}=\frac{2z^{-\kappa-%\frac{1}{2}}}{\EulerGamma@{\frac{1}{2}+\mu-\kappa}\EulerGamma@{\frac{1}{2}-\mu%-\kappa}}\modBesselK{2\mu}@{2\sqrt{z}};;;
127;\irregCoulombh@{\epsilon}{\ell}{r}=\left(\frac{2}{\cpi\tau}\frac{A(\epsilon,%\ell)}{1-\expe^{\ifrac{-2\cpi}{\tau}}}\right)^{\ifrac{1}{2}}\irregCoulombG{%\ell}@{\ifrac{-1}{\tau}}{\tau r};;;
128;N(n,k)=\frac{1}{n}\binom{n}{k}\binom{n}{k-1};;;
129;"A_{k}(n)=\sum_{\begin{subarray}{c}1&lt;h\leq k\pgcd{h,k}=1\end{subarray}}e^{\pi if%(h,k)-(2\pi in\ifrac{h}{k})}";;;
130;\StirlingnumberS@{n}{m}=\frac{1}{m!}\Sum{k}{0}{n-1}@{\Euleriannumber{n}{k}%\binom{k}{n-m}};;;
131;\deriv[2]{w}{z}=aw;;;
132;2\sin@{u}\sin@{v}=\cos@{u-v}-\cos@{u+v};;;
133;\cos^{2}@{u}-\cos^{2}@{v}=-\sin@{u+v}\sin@{u-v};;;
134;\aGudermannian@{x}=\ln@{\tan@{\tfrac{1}{2}x+\tfrac{1}{4}\cpi}};;;
135;\Asinh@{z}=(-1)^{k}\asinh@{z}+k\cpi\iunit;;;
136;\asinh@{z}=\ln@{2z}+\frac{1}{2}\frac{1}{2z^{2}}-\frac{1\cdot 3}{2\cdot 4}\frac%{1}{4z^{4}}+\frac{1\cdot 3\cdot 5}{2\cdot 4\cdot 6}\frac{1}{6z^{6}}-\cdots;;;
137;\ln@{x}=2^{m}\ln@{1+y};;;
138;\compellintEk@{\ifrac{\sqrt{1-{k}^{2}}}{\iunit k}}=(\ifrac{1}{k})\compellintEk%@{\sqrt{1-k^{2}}};;;
139;\partial_{j}\Carlsonmultivarhyper{-a}@{\mathbf{b}}{\mathbf{z}}=-aw_{j}%\Carlsonmultivarhyper{-a-1}@{\mathbf{b}+\mathbf{e}_{j}}{\mathbf{z}};;;
140;\CarlsonsymellintRJ@{0}{y}{z}{\pm\sqrt{yz}}=\pm\frac{3}{2\sqrt{yz}}%\CarlsonsymellintRF@{0}{y}{z};;;
141;"\EllIntR{a}@{\mathbf{b}}{\mathbf{z}}\EllIntR{-a}@{\mathbf{b}}{\mathbf{z}}&gt;1";;;
142;\compellintPik@{\alpha^{2}}{k}-\compellintKk@{k}=\tfrac{1}{3}\alpha^{2}%\CarlsonsymellintRJ@{0}{(1-k^{2})}{1}{1-\alpha^{2}};;;
143;(x-y)^{2}U=\left(\sqrt{x^{4}+a^{4}}+\sqrt{y^{4}+a^{4}}\right)^{2}-(x^{2}-y^{2}%)^{2};;;
144;\Fresnelcosint@{z}\pm\iunit\Fresnelsinint@{z}=\tfrac{1}{2}(1\pm\iunit)\erf@{\zeta};;;
145;\Im\digamma(\tfrac{1}{2}+\mathrm{i}y)=\frac{\pi}{2}\tanh\left(\pi y\right);;;
146;\EulerGamma@{z}\EulerGamma@{1-z}=\ifrac{\pi}{\sin@{\pi z}};;;
147;\digamma(1+z)=-\EulerConstant+\Sum{k}{2}{\infty}@{(-1)^{k}\RiemannZeta@{k}z^{k%-1}};;;
148;\digamma{\frac{z+1}{2}}-\digamma{\frac{z}{2}}=2\Sum{k}{0}{\infty}@{\frac{(-1)^%{k}}{k+z}};;;
149;\Ln@{\EulerGamma@{z}}=\left(z-\tfrac{1}{2}\right)\ln@{z}-z+\tfrac{1}{2}\ln@{2%\pi}+2\int_{0}^{\infty}\frac{\atan@{\ifrac{t}{z}}}{e^{2\pi t}-1}\diff{t},;;;
150;a_{0}=\tfrac{1}{12};;;
151;\int_{P}^{(1+,0+,1-,0-)}t^{a-1}(1-t)^{b-1}\diff{t}=-4e^{\pi i(a+b)}\sin@{\pi a%}\sin@{\pi b}\EulerBeta@{a}{b};;;
152;"W=-\sum_{1\leq\ell&lt;j\leq n}\ln@{|e^{i\theta_{\ell}}-e^{i\theta_{j}}|}";;;
153;K_{j}c_{j-1}+L_{j}c_{j}+M_{j}c_{j+1}=0;;;
154;R_{j}=\frac{(n-j)(j+n+\gamma+\delta)(j+\gamma)(j+\delta)}{(\gamma+\delta+2j)(%\gamma+\delta+2j+1)};;;
155;\lim_{z\to 1-}\frac{\HypergeoF@{a}{b}{c}{z}}{(1-z)^{c-a-b}}=\frac{\EulerGamma@%{c}\EulerGamma@{a+b-c}}{\EulerGamma@{a}\EulerGamma@{b}};;;
156;\HypergeoF@{1}{a}{a+1}{-1}=\tfrac{1}{2}a\left(\digamma(\tfrac{1}{2}a+\tfrac{1}%{2})-\digamma(\tfrac{1}{2}a)\right);;;
157;\HypergeoF@{a}{1-a}{c}{z}=(1-z)^{c-1}\HypergeoF@{\frac{1}{2}(c-a)}{\frac{1}{2}%(a+c-1)}{c}{4z(1-z)};;;
158;\CanonicIntU@{\mathbf{x}}=\int_{-\infty}^{\infty}\int_{-\infty}^{\infty}\exp@{%i\UmbilicCatU@{s}{t}{\mathbf{x}}}\diff{s}\diff{t};;;
159;x=y=-\tfrac{1}{4}z^{2};;;
160;c_{0}(0)=-\tfrac{1}{3};;;
161;\pderiv[j]{\ExpIntn{p}@{z}}{p}=(-1)^{j}\int_{1}^{\infty}(\ln@{t})^{j}t^{-p}e^{%-zt}\diff{t};;;
162;\Jacobiam@{x}{k}=\int_{0}^{x}\Jacobidn@{t}{k}\diff{t};;;
163;\deriv[2]{\theta(t)}{t}=-\sin@{\theta(t)};;;
164;\ccompellintKk@{k}=\frac{\cpi}{2M(1,k)};;;
165;\deriv[2]{w}{z^{\prime}}+(h^{\prime}-\nu(\nu+1)(1-k^{2})\Jacobisn^{2}@{z^{%\prime}}{{\sqrt{1-k^{2}}}})w=0;;;
166;\Lameb{2m+1}{\nu}@{k^{2}}=\tfrac{1}{2}(H_{m}+\nu(\nu+1)k^{2});;;
167;\FerrersQ[]{n}@{\cos@{\theta}}=\frac{2^{2n+1}(n!)^{2}}{(2n+1)!}\*\Sum{k}{0}{%\infty}@{\frac{1\cdot 3\cdots(2k-1)}{k!}\*\frac{(n+1)(n+2)\cdots(n+k)}{(2n+3)(%2n+5)\cdots(2n+2k+1)}\*\cos@{(n+2k+1)\theta}};;;
168;\LegendreP[m]{n-\frac{1}{2}}@{\cosh@{\xi}}=\frac{\EulerGamma@{n+m+\tfrac{1}{2}%}}{\EulerGamma@{n-m+\tfrac{1}{2}}}\*\left(\frac{2}{\pi\sinh@{\xi}}\right)^{%\ifrac{1}{2}}\LegendreBlackQ[n]{m-\frac{1}{2}}@{\coth@{\xi}};;;
169;{\left(\alpha^{2}+\eta\right)^{\ifrac{1}{2}}+\tfrac{1}{2}\alpha\ln@{\eta}-%\alpha\ln@{\left(\alpha^{2}+\eta\right)^{\ifrac{1}{2}}+\alpha}}={\acos@{\frac{%x}{\left(1+\alpha^{2}\right)^{\ifrac{1}{2}}}}+\frac{\alpha}{2}\ln@{\frac{1+%\alpha^{2}+\left(\alpha^{2}-1\right)x^{2}-2\alpha x\left(1+\alpha^{2}-x^{2}%\right)^{\ifrac{1}{2}}}{\left(1+\alpha^{2}\right)\left(1-x^{2}\right)}}};;;
170;\infix{\asympexp}{U_{m}(\xi)}{\WhittakerparaD{m}@{\xi}-\frac{1}{2^{6}h}\left(%\WhittakerparaD{m+4}@{\xi}-4!\dbinom{m}{4}\WhittakerparaD{m-4}@{\xi}\right)+%\frac{1}{2^{13}h^{2}}\left(\WhittakerparaD{m+8}@{\xi}-2^{5}(m+2)%\WhittakerparaD{m+4}@{\xi}+4!\,2^{5}(m-1)\dbinom{m}{4}\WhittakerparaD{m-4}@{%\xi}+8!\binom{m}{8}\WhittakerparaD{m-8}@{\xi}\right)+\cdots,};;;
171;S_{p}^{m}(x,\xi)\to\sin@{mx};;;
172;4(\boldsymbol{{\eta}}^{1}(T_{1})\cdot\boldsymbol{{\eta}}^{2}(T_{2})-%\boldsymbol{{\eta}}^{2}(T_{1})\cdot\boldsymbol{{\eta}}^{1}(T_{2}))=|T_{1}\cap T%_{2}|;;;
173;\MangoldtLambda@{n}=\ln@{p};;;
174;\Sum{n}{1}{\infty}@{f(n)}=\prod_{p}(1-f(p))^{-1};;;
175;n=x_{1}^{2}+x_{2}^{2}+\dots+x_{k}^{2};;;
176;\ChebyU{4}@{x}=16x^{4}-12x^{2}+1;;;
177;"{(n+\lambda)^{1-\lambda}(1-x^{2})^{\frac{1}{2}\lambda}|\Ultraspherical{\lambda%}{n}@{x}|&lt;\frac{2^{1-\lambda}}{\EulerGamma@{\lambda}}}";;;
178;\int_{0}^{1}\LegendrePoly{n}@{1-2x^{2}}\sin@{xy}\diff{x}=\tfrac{1}{2}\pi\left(%\BesselJ{n+\frac{1}{2}}@{\tfrac{1}{2}y}\right)^{2};;;
179;\Sum{\ell}{0}{n}@{\ChebyT{\ell}@{x}x^{n-\ell}}=\ChebyU{n}@{x};;;
180;p_{n}(x)=\WilsonW{n}@{x}{a_{1}}{a_{2}}{a_{3}}{a_{4}};;;
181;\ParabolicU@{a}{z}=\frac{e^{-\frac{1}{4}z^{2}}}{\EulerGamma@{\frac{3}{4}+\frac%{1}{2}a}}\*\int_{0}^{\infty}t^{\frac{1}{2}a-\frac{1}{4}}e^{-t}\left(z^{2}+2t%\right)^{-\frac{1}{2}a-\frac{1}{4}}\diff{t};;;
182;w_{1}(a,x)=e^{-\frac{1}{4}ix^{2}}\KummerM@{\tfrac{1}{4}-\tfrac{1}{2}ia}{\tfrac%{1}{2}}{\tfrac{1}{2}ix^{2}}=e^{\frac{1}{4}ix^{2}}\KummerM@{\tfrac{1}{4}+\tfrac%{1}{2}ia}{\tfrac{1}{2}}{-\tfrac{1}{2}ix^{2}},;;;
183;z=2^{\ifrac{-2}{3}}\epsilon\zeta-\epsilon^{-3};;;
184;z=\zeta^{2};;;
185;zv_{1}^{\prime}=2u_{0}-2u_{1}v_{1}^{2}-\theta_{\infty}v_{1};;;
186;"W(\zeta;\alpha_{0},\beta_{0},\gamma_{0},\delta_{0})=\frac{v-1}{v+1}";;;
187;\qHyperrphis{3}{2}@{a,b,q^{-n}}{c,\ifrac{abq^{1-n}}{c}}{q}{q}=\frac{%\qMultiPochhammer{\ifrac{c}{a},\ifrac{c}{b}}{q}{n}}{\qMultiPochhammer{c,\ifrac%{c}{(ab)}}{q}{n}}\)\@add@PDF@RDFa@triples\end{document};;;
188;\Sum{n}{0}{\infty}@{q^{n^{2}}a^{n}\beta_{n}}=\frac{1}{\qPochhammer{aq}{q}{%\infty}}\Sum{n}{0}{\infty}@{q^{n^{2}}a^{n}\alpha_{n}};;;
189;"\frac{\qPochhammer{q}{q}{a_{1}+a_{2}+\cdots+a_{n}}}{\qPochhammer{q}{q}{a_{1}}%\qPochhammer{q}{q}{a_{2}}\cdots\qPochhammer{q}{q}{a_{n}}}=\mbox{ coeff. of }x_%{1}^{0}x_{2}^{0}\cdots x_{n}^{0}\mbox{ in }\prod_{1\leq j&lt;k\leq n}\qPochhammer%{\frac{x_{j}}{x_{k}}}{q}{a_{j}}\qPochhammer{\frac{qx_{k}}{x_{j}}}{q}{a_{k}}";;;
190;\JacobiThetaTau{3}@{\pi z}{\tau}=\JacobiThetaTau{3}@{0}{\tau}\exp@{-\Sum{j}{1}%{\infty}@{\frac{1}{2j}\beta_{2j}(\tau)z^{2j}}};;;
191;\JacobiTheta{1}@{2z}{q}=2\frac{\JacobiTheta{1}@{z}{q}\JacobiTheta{2}@{z}{q}%\JacobiTheta{3}@{z}{q}\JacobiTheta{4}@{z}{q}}{\JacobiTheta{2}@{0}{q}%\JacobiTheta{3}@{0}{q}\JacobiTheta{4}@{0}{q}};;;
192;A\equiv A(\tau)=\ifrac{1}{\JacobiThetaTau{4}@{0}{2\tau}};;;
193;\threej@args{j_{1}}{j_{2}}{j_{3}}{m_{1}}{m_{2}}{m_{3}}=(-1)^{j_{1}+j_{2}+j_{3}%}\threej@args{j_{1}}{j_{2}}{j_{3}}{-m_{1}}{-m_{2}}{-m_{3}};;;
194;\sixj@args{j_{1}}{j_{2}}{j_{3}}{\frac{1}{2}}{j_{3}-\frac{1}{2}}{j_{2}-\frac{1}%{2}}=(-1)^{J}\left(\frac{(j_{2}+j_{3}-j_{1})(j_{1}+j_{2}+j_{3}+1)}{2j_{2}(2j_{%2}+1)2j_{3}(2j_{3}+1)}\right)^{\frac{1}{2}};;;
195;\PeriodicZeta@{x}{s}=\frac{\EulerGamma@{1-s}}{(2\pi)^{1-s}}\*\left(e^{\pi i%\ifrac{(1-s)}{2}}\HurwitzZeta@{1-s}{x}+e^{\pi i\ifrac{(s-1)}{2}}\HurwitzZeta@{%1-s}{1-x}\right);;;
196;"x+y&gt;2n";;;
197;|[k]^{n}(1\text{-}1)|=\binom{k}{n}n!=(k)_{n};;;
198;(1+2+\ldots+k+\ldots+(n-1));;;
199;1+\frac{1}{p^{2}}+\frac{1}{p^{4}}+\frac{1}{p^{6}}+\frac{1}{p^{8}}+\cdots=1-%\frac{1}{p^{2}},;;;
200;"x,\;1/x,\;1-x,\;1/(1-x),\;(x-1)/x,\;x/(x-1)";;;
201;"p(\pi_{n})=\sum_{\alpha}\;p_{n}(e_{\alpha})+q(\pi_{n})";;;
202;f=f(t,x,v);;;
203;\tensor{\xi}{\mu}{i}=\pm 1;;;
204;\overline{(\Delta H)^{2}}=\frac{1}{N}\sum_{i=1}^{N}[\langle\psi_{i}|H_{i}^{2}|%\psi_{i}\rangle-\langle\psi_{i}|H_{i}|\psi_{i}\rangle^{2}];;;
205;a_{ij}=1;;;
206;(f*g)(t)\stackrel{\mathrm{def}}{=}\int_{-\infty}^{\infty}f(\tau)g(t-\tau)d\tau;;;
207;\psi(a+b)=\infix{\widetilde{+}}{\psi(a)}{\psi(b)};;;
208;Q(N,M,aj,bj,q)=Q(M,N,bj,aj,q);;;
209;P=\operatorname{NP};;;
210;S(x)=3x+1;;;
211;F_{n+1}=\sum_{n=k+m}\binom{k}{m};;;
212;\mathcal{M};;;
213;\it L=i\bar{\Psi}{\gamma}^{\mu}{\partial}_{\mu}{\Psi}-\bar{\Psi}{\Psi}-q\bar{%\Psi}{\gamma}^{0}{\Psi}\Phi+{1\over 2}({\partial}_{\mu}\Phi)({\partial}^{\mu}\Phi);;;
214;Q_{J};;;
215;"L(\boldsymbol{x},\boldsymbol{y},\boldsymbol{p})=\sum_{i\in\mathcal{N}}\sum_{v&lt;%w:(v,i,w)\in\Gamma_{G^{\prime}}}\bigg{[}c_{i}y^{i}_{vw}+p(v,i,w)\Big{(}\sum_{t%\in T}x^{t}(v,i,w)-y^{i}_{vw}\Big{)}+p(w,i,v)\Big{(}\sum_{t\in T}x^{t}(w,i,v)-%y^{i}_{wv}\Big{)}\bigg{]}";;;
216;L(\widehat{\theta}_{\nu},\theta_{\nu})=\parallel\widehat{\theta}_{\nu}-\mbox{%sign}\langle\widehat{\theta}_{\nu},\theta_{\nu}\rangle\theta_{\nu}\parallel^{2};;;
217;\operatorname{\Delta x}_{1}\operatorname{\Delta x}_{2}\geq{\lambda}^{2}/(2\pi);;;
218;c;;;
219;\conjM{\mathbf{B}}\mathbf{\sigma_{3}}\mathbf{B}=\mathbf{\sigma_{3}};;;
220;S_{EH}=\frac{1}{G_{3}}\int d^{3}x\,\sqrt{-\contract{g}{3}}(\contract{R}{3}+{%\cal L}_{\rm matter});;;
221;S=-T\int d^{p+1}\sigma\,\sqrt{-\zeta}\Bigl{[}e^{-\beta U}\frac{1}{2}\tensor{%\zeta}{ab}{}\left(\tensor{G}{}{ba}-\tensor{\mathcal{F}}{}{ba}\right)-(p-1)%\Bigr{]};;;
222;\operatorname{Con}(\operatorname{ZF}+\neg\operatorname{AC});;;
223;\aleph_{0};;;
224;\operatorname{dcl}(A);;;
225;(x+y)/2;;;
226;\lfloor\ldots\rfloor;;;
227;1\leq k\leq n-1;;;
228;\alpha_{1}=\frac{X(\tau_{1})y}{\parallel X(\tau_{1})\parallel},\dots,\alpha_{j%+1}=\frac{X(\tau_{j+1})y}{\parallel X(\tau_{j+1})\parallel},\alpha_{j+2}=\frac%{X(\tau_{j+2})y}{\parallel X(\tau_{j+2})\parallel};;;
229;U(1);;;
230;{\cal L}=\{\pi_{1},\pi_{2}\};;;
231;t\in\bf R_{+};;;
232;h_{i}=\sum_{j}\hat{w}_{ij}s_{j};;;
233;A_{N}(\alpha,\beta)=\frac{1}{N}\mathbb{E}\ln\left(\sum_{\sigma}\exp(-\beta H_{%N}(\sigma))\right);;;
234;\operatorname{GF}(2);;;
235;\frac{dP}{dt}=rP\cdot\left(1-\frac{P}{K}\right);;;
236;\Phi:\mathcal{O}_{M}^{(m\mathbb{)}}\mathbb{\times}\mathcal{L}(\mathcal{S}_{n},%\mathcal{S}_{m})\rightarrow\mathcal{L}(\mathcal{S}_{n},\mathcal{S}_{m}):(f,A)%\mapsto fA;;;
237;AP=(P+a)A;;;
238;\operatorname{PA};;;
239;\left\{3k+4\right\}\subset\mathfrak{C};;;
240;F_{n+1}=\sum_{k\leq n}\binom{n-k}{k},\quad n\geq 0;;;
241;\operatorname{Con}(\operatorname{ZFC}+\operatorname{IFS}_{\operatorname{W\!Ab}%\,L(V_{\alpha})});;;
242;\partial^{\gamma\dot{\gamma}}\partial_{\gamma\dot{\gamma}}\ \phi^{(k,n)}_{%\alpha_{1}\cdots\alpha_{k}\,\dot{\beta}_{1}\cdots\dot{\beta}_{n}}=2e^{2}m^{2}%\,x^{\alpha_{k+1}}\dot{\beta}_{n+1}\,x^{\alpha_{k+2}\dot{\beta}_{n+2}}\,\phi^{%(k+2,n+2)}_{\alpha_{1}\cdots\alpha_{k}\alpha_{k+1}\alpha_{k+2}\,\dot{\beta}_{1%}\cdots\dot{\beta}_{n}\dot{\beta}_{n+1}\dot{\beta}_{n+2}};;;
243;S_{\rm probe}=-(T_{4}L)\int d^{4}x\,\sqrt{-g}\left[{1\over 2}\left(1+\frac{g_{%s}\pi\sin\theta}{2(M_{s}L)(M_{s}y)^{2}}\right)|\partial y|^{2}-2\left(1-\frac{%g_{s}\pi\tan^{3}\theta}{8(M_{s}L)(M_{s}y)^{2}}\right)\right]\,,;;;
244;p(\lambda);;;
245;\theta=\frac{1}{\sigma};;;
246;"\Delta x\Delta{p}\geq\left|&lt;\commutator{\widehat{x}}{\widehat{p}}&gt;\right|";;;
247;"H_{\rm G}^{\rm phen}[N]=\frac{1}{16\pi G}\int_{\Sigma}\mathrm{d}^{3}x\bar{N}%&amp;%#10;\left[-6\sqrt{\bar{p}}\left(\frac{\sin\bar{\mu}\gamma\bar{k}}{\bar{\mu}%\gamma}%&amp;#10;\right)^{2}-\frac{1}{2\bar{p}^{3/2}}\left(\frac{\sin\bar{\mu}%\gamma\bar{k}}{%&amp;#10;\bar{\mu}\gamma}\right)^{2}(\delta E^{c}_{j}\delta E^{d}_%{k}\delta_{c}^{k}%&amp;#10;\delta_{d}^{j})+\sqrt{\bar{p}}(\delta K_{c}^{j}\delta K%_{d}^{k}\delta^{c}_{k}%&amp;#10;\delta^{d}_{j})-\frac{2}{\sqrt{\bar{p}}}\left(%\frac{\sin m\bar{\mu}\gamma\bar{%&amp;#10;k}}{m\bar{\mu}\gamma}\right)(\delta E^{c%}_{j}\delta K_{c}^{j})+\frac{1}{\bar{p%&amp;#10;}^{3/2}}(\delta_{cd}\delta^{jk}%\delta^{ef}\partial_{e}E^{c}_{j}\partial_{f}E^{%&amp;#10;d}_{k})\right]~{}{}.";;;
248;\mathcal{P};;;
249;S_{\rm BH}=(n-1)V/4G_{n}R\equiv 2\pi E_{\rm BH}R/n;;;
250;\tilde{g}_{\mu\nu}=G_{AB}\frac{\partial X^{A}}{\partial x^{\mu}}\frac{\partialX%^{B}}{\partial x^{\nu}};;;
251;ZFC+GCH;;;
252;C(K);;;
253;\Sigma;;;
254;f_{1}+f_{2}=2f_{0};;;
255;"H^{*}_{\lambda}=\left(\prod_{i=1}^{k}n_{i}!\right)\prod_{i&lt;j}\frac{n_{i}+n_{j}%}{n_{i}-n_{j}}=2^{-\frac{k}{2}}\sqrt{H_{\tilde{\lambda}}}";;;
256;{\mu}_{k}=E(C_{k});;;
257;1+x+x^{2}+\ldots+x^{n-1}+x^{n}=\frac{x^{n+1}-1}{x-1}{\rm\left(\right}{\rmassuming%}x\neq 1{\rm\left\right)};;;
258;\abs{\Gamma(L)}=p^{i}(p^{2i}-1);;;
259;"q(\pi_{n})\equiv\sum_{\alpha\neq\beta}&lt;\hat{P}(e_{\alpha})\hat{P}(\pi_{n})\hat%{P}(e_{\beta})&gt;";;;
260;(a,b,(c,d,e));;;
261;\vec{\xi}^{\mu},\tau^{\mu};;;
262;H=H_{S}+\sum_{i=1}^{N}H_{i}+V_{0}\otimes\sum_{i=1}^{N}A_{i};;;
263;N\times N;;;
264;\mathtt{list};;;
265;\Phi=\Phi^{(r)}\Phi^{(s)};;;
266;\displaystyle 1-a\,\bar{\partial}_{p}\,,;;;
267;\operatorname{NP};;;
268;f:{\mathbb{N}_{1}}\to{\mathbb{N}_{1}};;;
269;b(k);;;
270;S\leq\frac{A}{4G};;;
271;(\eta_{\mu\nu})=\diag(-1,1,1,1);;;
272;{\conjM{U}}_{\pm}=U_{\pm};;;
273;F_{\alpha\beta};;;
274;\nu_{\Psi};;;
275;\Delta x\Delta{v}\geq\frac{dm^{2}}{2}\mean{E^{-3}};;;
276;v_{p}=\frac{1}{\partial_{r}R}=1+\frac{1}{r^{2}\omega^{2}};;;
277;\RiemannZeta;;;
278;p\iff q;;;
279;A\oplus B;;;
280;"|A|=\begin{vmatrix}a&amp;b\\c&amp;d\end{vmatrix}=ad-bc";;;
281;"{}_{2}F_{1}(a,b;c;z)=\sum_{n=0}^{\infty}\frac{(a)_{n}(b)_{n}}{(c)_{n}}\frac{z^%{n}}{n!}";;;
282;a_{0}+\cfrac{b_{1}}{a_{1}+\cfrac{b_{2}}{a_{2}+\cfrac{b_{3}}{a_{3}+{{}_{\ddots}%}}}};;;
283;n=\frac{c}{v};;;
284;x_{n+1}=rx_{n}(1-x_{n});;;
285;g(x)=\frac{1}{(1+\mathrm{exp}(-x))};;;
286;F=ma;;;
287;"\left(\frac{a}{p}\right)=\begin{cases}1&amp;\text{ if }a\text{ is a quadratic %residue modulo }p\text{ and }a\not\equiv 0\pmod{p},\\-1&amp;\text{ if }a\text{ is a quadratic non-residue modulo }p,\\0&amp;\text{ if }a\equiv 0\pmod{p}.\end{cases}";;;
288;ax^{2}+bx+c=0;;;
289;x=\log_{2}n\quad\Longleftrightarrow\quad 2^{x}=n;;;
290;\binom{n}{k}=\frac{n!}{k!(n-k)!};;;
291;\lim_{x\to c}\frac{f(x)}{g(x)}=\lim_{x\to c}\frac{f^{\prime}(x)}{g^{\prime}(x)};;;
292;1,2,2,3,3,4,4,4,5,5,5;;;
293;a_{n}x^{n}+a_{n-1}x^{n-1}+\cdots+a_{2}x^{2}+a_{1}x+a_{0};;;
294;\operatorname{log}_{10}(x);;;
295;E=mc^{2};;;
296;\nabla\times\mathbf{E}=-\frac{\partial\mathbf{B}}{\partial t};;;
297;\Gamma(z)=\int_{0}^{\infty}x^{z-1}e^{-x}\,dx;;;
298;(f\circ g)^{\prime}=(f^{\prime}\circ g)\cdot g^{\prime};;;
299;a^{2}+b^{2}=c^{2};;;
300;\varphi(\lambda_{1}x_{1}+\lambda_{2}x_{2}+\cdots+\lambda_{n}x_{n})\leq\lambda_%{1}\,\varphi(x_{1})+\lambda_{2}\,\varphi(x_{2})+\cdots+\lambda_{n}\,\varphi(x_%{n});;;
301;\frac{1}{c^{2}}\frac{\partial^{2}}{\partial t^{2}}\psi-\nabla^{2}\psi+\frac{m^%{2}c^{2}}{\hbar^{2}}\psi=0;;;
302;G_{\mu\nu}+\Lambda g_{\mu\nu}={8\pi G\over c^{4}}T_{\mu\nu};;;
;;;;
